<code_scheme name="Default" version="173">
  <option name="LINE_SEPARATOR" value="&#10;" />
  <CssCodeStyleSettings>
    <option name="BLANK_LINES_BETWEEN_BLOCKS" value="0" />
    <option name="BLANK_LINES_AROUND_NESTED_SELECTOR" value="0" />
  </CssCodeStyleSettings>
  <JSCodeStyleSettings version="0">
    <option name="SPACE_BEFORE_FUNCTION_LEFT_PARENTH" value="false" />
  </JSCodeStyleSettings>
  <JavaCodeStyleSettings>
    <option name="LAYOUT_STATIC_IMPORTS_SEPARATELY" value="false" />
    <option name="CLASS_COUNT_TO_USE_IMPORT_ON_DEMAND" value="99999" />
    <option name="NAMES_COUNT_TO_USE_IMPORT_ON_DEMAND" value="99999" />
    <option name="PACKAGES_TO_USE_IMPORT_ON_DEMAND">
      <value />
    </option>
    <option name="IMPORT_LAYOUT_TABLE">
      <value>
        <package name="" withSubpackages="true" static="false" />
        <emptyLine />
        <package name="javax" withSubpackages="true" static="false" />
        <package name="java" withSubpackages="true" static="false" />
        <emptyLine />
      </value>
    </option>
  </JavaCodeStyleSettings>
  <MySQLCodeStyleSettings version="6">
    <option name="USE_GENERAL_STYLE" value="false" />
  </MySQLCodeStyleSettings>
  <ScssCodeStyleSettings>
    <option name="BLANK_LINES_BETWEEN_BLOCKS" value="0" />
    <option name="BLANK_LINES_AROUND_NESTED_SELECTOR" value="0" />
  </ScssCodeStyleSettings>
  <codeStyleSettings language="CSS">
    <indentOptions>
      <option name="INDENT_SIZE" value="2" />
    </indentOptions>
  </codeStyleSettings>
  <codeStyleSettings language="JAVA">
    <option name="RIGHT_MARGIN" value="140" />
    <option name="WRAP_ON_TYPING" value="1" />
    <indentOptions>
      <option name="USE_TAB_CHARACTER" value="true" />
    </indentOptions>
    <arrangement>
      <groups>
        <group>
          <type>GETTERS_AND_SETTERS</type>
          <order>KEEP</order>
        </group>
        <group>
          <type>OVERRIDDEN_METHODS</type>
          <order>KEEP</order>
        </group>
        <group>
          <type>DEPENDENT_METHODS</type>
          <order>DEPTH_FIRST</order>
        </group>
      </groups>
      <rules />
    </arrangement>
  </codeStyleSettings>
  <codeStyleSettings language="XML">
    <indentOptions>
      <option name="INDENT_SIZE" value="2" />
      <option name="USE_TAB_CHARACTER" value="true" />
    </indentOptions>
  </codeStyleSettings>
</code_scheme>