<keymap version="1" name="macOS copy" parent="Mac OS X 10.5+">
  <action id="ActivateBuildToolWindow">
    <keyboard-shortcut first-keystroke="meta 0" />
  </action>
  <action id="ActivateCommitToolWindow" />
  <action id="ChangesView.Move" />
  <action id="ChangesView.SetDefault" />
  <action id="CheckinProject" />
  <action id="CloseActiveTab" />
  <action id="CloseAllEditorsButActive">
    <keyboard-shortcut first-keystroke="shift meta w" />
  </action>
  <action id="Console.TableResult.CompareCells" />
  <action id="DebugClass" />
  <action id="Diff.ShowSettingsPopup" />
  <action id="Editor Paste">
    <keyboard-shortcut first-keystroke="meta v" />
  </action>
  <action id="EditorScrollBottom">
    <keyboard-shortcut first-keystroke="ctrl meta b" />
  </action>
  <action id="EditorScrollTop">
    <keyboard-shortcut first-keystroke="ctrl meta t" />
  </action>
  <action id="FileStructurePopup">
    <keyboard-shortcut first-keystroke="meta f12" />
    <keyboard-shortcut first-keystroke="meta k" />
  </action>
  <action id="FindNext" />
  <action id="GotoBookmarkA">
    <keyboard-shortcut first-keystroke="ctrl meta alt a" />
  </action>
  <action id="GotoBookmarkS">
    <keyboard-shortcut first-keystroke="ctrl meta alt s" />
  </action>
  <action id="GotoBookmarkT">
    <keyboard-shortcut first-keystroke="ctrl meta alt t" />
  </action>
  <action id="GotoLine">
    <keyboard-shortcut first-keystroke="meta l" />
    <keyboard-shortcut first-keystroke="meta g" />
  </action>
  <action id="GotoNextBookmark">
    <keyboard-shortcut first-keystroke="ctrl meta alt down" />
  </action>
  <action id="GotoPreviousBookmark">
    <keyboard-shortcut first-keystroke="ctrl meta alt up" />
  </action>
  <action id="Hotswap">
    <keyboard-shortcut first-keystroke="ctrl meta alt h" />
  </action>
  <action id="JRebel Debug">
    <keyboard-shortcut first-keystroke="shift ctrl d" />
  </action>
  <action id="JumpToLastChange" />
  <action id="Macro.OFRSaveALL">
    <keyboard-shortcut first-keystroke="meta s" />
  </action>
  <action id="Macro.SOR">
    <keyboard-shortcut first-keystroke="shift meta s" />
  </action>
  <action id="Maven.Reimport">
    <keyboard-shortcut first-keystroke="shift meta m" />
  </action>
  <action id="OptimizeImports">
    <keyboard-shortcut first-keystroke="ctrl alt o" />
    <keyboard-shortcut first-keystroke="alt o" />
  </action>
  <action id="PreviousTab">
    <keyboard-shortcut first-keystroke="shift meta open_bracket" />
    <keyboard-shortcut first-keystroke="ctrl meta left" />
  </action>
  <action id="QuickImplementations">
    <keyboard-shortcut first-keystroke="meta y" />
  </action>
  <action id="QuickTypeDefinition">
    <keyboard-shortcut first-keystroke="meta t" />
  </action>
  <action id="ReformatCode">
    <keyboard-shortcut first-keystroke="meta alt l" />
    <keyboard-shortcut first-keystroke="alt l" />
  </action>
  <action id="SafeDelete">
    <keyboard-shortcut first-keystroke="shift meta back_space" />
  </action>
  <action id="SaveAll" />
  <action id="SonarLint.AnalyzeFiles" />
  <action id="Stop">
    <keyboard-shortcut first-keystroke="meta f2" />
    <keyboard-shortcut first-keystroke="shift ctrl s" />
  </action>
  <action id="Terminal.ClearBuffer">
    <keyboard-shortcut first-keystroke="meta l" />
  </action>
  <action id="Uml.ShowDiff" />
  <action id="Vcs.MoveChangedLinesToChangelist" />
  <action id="Vcs.UpdateProject" />
  <action id="ZoomCurrentWindow">
    <keyboard-shortcut first-keystroke="ctrl meta equals" />
    <keyboard-shortcut first-keystroke="ctrl meta alt m" />
  </action>
  <action id="org.intellij.plugins.markdown.ui.actions.styling.ToggleStrikethroughAction" />
</keymap>