<application>
  <component name="AdvancedSettings">
    <option name="settings">
      <map>
        <entry key="compiler.automake.allow.when.app.running" value="true" />
        <entry key="confirm.rerun.with.termination" value="false" />
        <entry key="ide.settings.move.mouse.on.default.button" value="true" />
        <entry key="terminal.show.application.title" value="true" />
        <entry key="terminal.type.ahead.latency.threshold" value="200" />
      </map>
    </option>
  </component>
</application>