<application>
  <component name="FileTypeManager" version="18">
    <extensionMap>
      <mapping pattern="ARCHIVED_FILES_14376" type="AUTO_DETECTED" />
      <mapping ext="main.kts" type="Kotlin" />
      <mapping ext="gradle.kts" type="Kotlin" />
      <mapping ext="filename" type="PLAIN_TEXT" />
      <mapping ext="ser" type="PLAIN_TEXT" />
      <removed_mapping ext="apk" approved="true" type="ARCHIVE" />
      <removed_mapping ext="fxml" approved="true" type="XML" />
      <removed_mapping ext="psd" approved="true" type="Image" />
    </extensionMap>
  </component>
</application>