<application>
  <component name="IgnoredPluginSuggestions">
    <option name="pluginIds">
      <list>
        <option value="JRebelPlugin" />
        <option value="com.haulmont.jpab" />
        <option value="com.intellij.kubernetes" />
        <option value="com.intellij.selenium" />
        <option value="com.jetbrains.jax.ws" />
        <option value="com.intellij.bigdatatools" />
        <option value="idea.plugin.protoeditor" />
        <option value="com.intellij.grpc" />
        <option value="com.intellij.reactivestreams" />
        <option value="com.intellij.spring" />
        <option value="com.intellij.spring.boot" />
        <option value="com.intellij.spring" />
        <option value="com.intellij.spring.boot" />
      </list>
    </option>
  </component>
</application>