<profile version="1.0">
  <option name="myName" value="Default" />
  <inspection_tool class="CustomRegExpInspection" enabled="true" level="WARNING" enabled_by_default="true">
    <option name="myConfigurations">
      <list>
        <RegExpInspectionConfiguration>
          <option name="name" value="No commit" />
          <option name="problemDescriptor" value="remove this nocommit comment" />
          <option name="uuid" value="b335fead-287c-3560-8709-dba47dc1705c" />
          <option name="patterns">
            <list>
              <InspectionPattern>
                <option name="regExp" value="(// NOCOMMIT)" />
                <option name="_fileType" value="UNKNOWN" />
                <option name="searchContext" value="ANY" />
                <option name="replacement" value="" />
              </InspectionPattern>
            </list>
          </option>
        </RegExpInspectionConfiguration>
      </list>
    </option>
  </inspection_tool>
  <inspection_tool class="b335fead-287c-3560-8709-dba47dc1705c" enabled="true" level="WARNING" enabled_by_default="true" />
</profile>